No,Keyword,Volume,CPC,Paid Difficulty,SEO Difficulty
1,pagtatanim ng palay,880,0,1,13
2,selecron insecticide,480,1.87845051,93,7
3,aphids scientific name,390,0,1,38
4,hanip insect,590,4.38305119,23,19
5,armure fungicide,480,4.38305119,97,17
6,organic fertilizer benefits,320,85.78257329,5,29
7,palay seedlings,140,0,44,32
8,pagtatanim ng mais,140,0,12,17
9,rice leaffolder,390,9.39225255,8,14
10,rice variety philippines,880,5.63535153,61,16
11,alitangya,2400,0,1,26
12,virtako insecticide,880,4.38305119,94,10
13,asian corn borer,590,0,1,18
14,fertilizer urea price,590,6.574576785,92,41
15,rice brands in the philippines,390,6.2615017,81,21
16,weeds in tagalog,2900,0,1,19
17,rice hybrid,320,0,28,27
18,urea fertilizer price,880,27.55060748,69,16
19,fertilizer dealer supply,1900,0,1,19
20,asiatic corn borer,590,0,1,18
21,fertilizer application,480,18.7845051,61,30
22,karate insecticide,720,3.75690102,92,11
23,pagtatanim ng puno,2400,0,1,13
24,yara winner fertilizer,480,5.00920136,98,22
25,fertilizer for tomato plants,480,5.00920136,64,19
26,philippine rice variety,880,5.63535153,61,17
27,fertilizer in tagalog,390,0,3,6
28,lambda cyhalothrin,390,5.00920136,80,23
29,agricultural engineer course,390,49.46586343,1,18
30,fertilizer application methods,210,0,16,18
31,fertilizer with potassium,590,2.50460068,92,16
32,palay image,880,0,1,19
33,corn seed grow a garden roblox,140,0,1,5
34,fertilizer drawing,480,0,1,20
35,fall armyworm,1000,0,5,33
36,maisan,480,0,1,23
37,mite in tagalog,1300,0,1,15
38,banghay ng alamat ng palay,390,0,1,19
39,palay price today,590,0,1,18
40,palay seeds,140,0,51,34
41,potash fertilizer,880,3.13075085,85,23
42,ammonium sulfate fertilizer,1000,11.27070306,81,22
43,fertilizer example,320,0,30,28
44,cutworm,1000,3.75690102,1,31
45,fertilizer in agriculture,260,41.63898631,21,20
46,fusarium wilt,880,4.38305119,2,34
47,eggshell as fertilizer,590,1.87845051,5,30
48,osmocote fertilizer,480,4.38305119,99,19
49,rice variety in the philippines,720,3.75690102,28,21
50,ani,9900,0,1,33
51,common weeds in the philippines,480,26.92445731,1,22
52,palay in english,5400,0,1,15
53,palay check system,210,0,1,13
54,brown planthopper,720,6.2615017,7,22
55,agriculture in economy,1300,0,1,13
56,fertilizer with phosphorus,590,5.00920136,93,30
57,palay rice,210,0,3,19
58,fertilizer for coconut tree in philippines,70,0,90,33
59,mais rice,1000,5.00920136,53,16
60,syngenta philippines,1000,6.2615017,21,23
61,thrips insect,2900,4.38305119,15,35
62,corn scientific name,2400,0,1,28
63,ant bait,1300,7.51380204,88,37
64,maggots in tagalog,1300,0,1,21
65,fertilizer pesticide authority,2400,8.76610238,2,24
66,ortiva top fungicide,480,2.50460068,96,16
67,fertilizer and pesticide authority,2400,2.50460068,2,24
68,brown plant hopper symptoms,720,28.17675765,1,14
69,fertilizer for coconut,480,3.75690102,82,19
70,fertilizer 46 0 0,590,22.22833104,47,20
71,fertilizer for flowering plants,390,2.50460068,100,12
72,ammonia nitrate fertilizer,390,0,45,27
73,pagtatanim,2900,0,1,31
74,bugs in tagalog,2400,0,1,15
75,banana farming philippines,390,0,1,23
76,fertilizer high in phosphorus,140,0,91,33
77,palaya natural farm,5400,1.25230034,1,21
78,fertilizer liquid,590,2.50460068,80,22
79,grass in tagalog,720,0,1,15
80,corn flakes,4400,4.38305119,80,19
81,top dressing fertilizer,390,2.50460068,35,15
82,fertilizer yara,1000,5.00920136,89,14
83,pagtatanim ng gulay,390,0,10,17
84,fertilizer picture,320,5.63535153,3,26
85,biostimulants,390,3.13075085,71,34
86,corn bran,480,3.75690102,43,23
87,termiticides,390,5.63535153,76,30
88,chicken dung as fertilizer,480,14.40145391,69,31
89,fertilizer with high potassium,50,0,88,32
90,fertilizer computation,390,0,1,27
91,fertilizer drawing,390,0,1,21
92,fertilizer for vegetables,320,5.00920136,97,28
93,rice variety 222,110,0,9,16
94,when fertilization occurs,140,0,2,14
95,why fertilizer is important,50,0,1,5
96,fertilizer chemical,590,0,30,28
97,mites in tagalog,1300,0,1,17
98,seeds corn,480,2.50460068,86,31
99,variety of rice in the philippines,880,5.63535153,61,18
100,alamat ng palay,6600,4.38305119,1,22
101,sofit,390,4.38305119,20,12
102,cymbush,480,3.13075085,89,17
103,method of fertilizer application,320,0,1,29
104,mais na gulay,170,0,5,15
105,fertilizer 20 20 20,260,8.13995221,95,34
106,english ng palay,320,0,1,13
107,complete fertilizer 14 14 14,480,3.75690102,84,18
108,rice insect,590,6.2615017,7,30
109,21 0 0 fertilizer,1300,4.38305119,54,16
110,variety of corn,480,10.64455289,32,33
111,fertilizer calculation formula,210,0,1,13
112,fertilizer for vegetables,320,10.64455289,97,43
113,examples of organic fertilizer,880,1.87845051,75,30
114,mais rice benefits,170,0,27,22
115,palay,12100,5.00920136,2,17
116,palayan drawing,1300,0,1,25
117,synthetic fertilizer,480,1.25230034,2,28
118,16 20 fertilizer,320,11.27070306,51,29
119,diseased in tagalog,2900,0,1,16
120,foliar fertilizer spray,590,3.75690102,80,18
121,example of inorganic fertilizer,390,2.50460068,16,21
122,fertilizer applicator,480,18.7845051,61,11
123,example of organic fertilizer,880,4.38305119,42,30
124,crop yields meaning,90,0,1,13
125,16 20 0 fertilizer,1600,3.13075085,54,13
126,fertilizer names list,140,0,37,25
127,liquid fertilizer,590,3.75690102,76,36
128,rice variety 216,320,0,6,15
129,sl agritech corporation,480,0,1,17
130,alibangbang insect,480,0,2,20
131,fertilizer eggs,320,0,1,19
132,philippine rice variety list,880,5.63535153,61,21
133,commercial fertilizer,260,0,13,22
134,mildew in tagalog,480,0,1,14
135,sedges weeds,720,0,16,18
136,rice ear bug,320,0,1,24
137,fertilizer 14 14 14,2400,5.63535153,85,17
138,jackpot rice variety maturity,170,0,13,9
139,fertilizer 21 0 0,880,4.38305119,90,21
140,402 rice variety characteristics,140,0,2,6
141,fertilizer for rice,260,0,64,33
142,14 14 14 fertilizer,1900,3.13075085,94,21
143,examples of inorganic fertilizer,390,2.50460068,16,21
144,chess insecticide,480,7.51380204,87,17
145,broadleaves,880,7.51380204,2,33
146,kinds of rice in the philippines,720,4.38305119,70,22
147,gulay na mais,720,0,1,26
148,pesticide in tagalog,390,0,1,14
149,palayan,6600,0,1,14
150,agricultural technician,480,0,1,22
151,palayan nueva ecija,12100,0,1,21
152,agricultural engineer pay,390,0,1,13
153,fertilizer spreader,480,22.54140612,69,29
154,jasponica rice,590,3.13075085,85,11
155,atlas fertilizer,1000,3.13075085,26,16
156,fertilizer in tagalog,390,3.75690102,4,16
157,best fertilizer for vegetables,720,3.13075085,100,24
158,treser ng palay,390,1.87845051,5,20
159,rice variety,720,3.13075085,61,22
160,philippines insects,880,4.38305119,6,22
161,cavan rice,390,0,9,21
162,corn kernel price,590,3.13075085,83,9
163,fish emulsion fertilizer,260,13.46222866,73,35
164,sedge weed,720,5.63535153,5,20
165,sheath blight disease,320,0,1,19
166,black bug insect,390,3.75690102,5,20
167,fertilizer for plants and flowers,390,2.50460068,100,23
168,palay festival,320,0,1,16
169,palay picture,880,1.87845051,1,24
170,rice black bugs,720,1.87845051,9,14
171,sheath blight,320,0,1,18
172,tayangaw,480,0,1,26
173,fertilizer urea,5400,22.22833104,90,24
174,anthracnose,1300,2.50460068,2,35
175,rice seed,1900,2.50460068,17,17
176,pagtatanim ng halaman,480,0,1,14
177,palatak palay seeder,480,5.00920136,87,27
178,corns in tagalog,1300,0,1,14
179,corn seeds,1600,1.87845051,50,35
180,rice seeds,1900,2.50460068,17,22
181,egg shell fertilizer,590,1.87845051,15,22
182,corn kernel,8100,4.38305119,76,20
183,fertilizer for coconut plants,590,22.8544812,92,33
184,fungicide,1600,1.87845051,84,34
185,thrips,2900,3.75690102,9,35
186,rice insects,590,6.2615017,7,27
187,fertilizer for coconut tree,590,2.50460068,92,15
188,triple 14 fertilizer,880,3.13075085,93,25
189,palayan in english,1300,0,1,16
190,alika insecticide,1000,4.38305119,94,12
191,fertilizer for top dressing,390,1.25230034,64,19
192,fertilizer examples,210,0,11,22
193,pest in tagalog,390,0,1,15
194,rice bug,1900,3.75690102,5,23
195,vegetables in the philippines,1300,3.13075085,77,19
196,fertilizer nitrogen,720,23.16755629,74,41
197,rice breed,70,0,1,18
198,rice palay price philippines,1900,7.200726955,77,29
199,corn seedling,1600,1.87845051,50,22
200,seeds rice,1900,2.50460068,17,21
201,pagtatanim ng mais,140,0,12,17
202,humus fertilizer,320,2.50460068,94,17
203,fertilizer spreader,480,3.13075085,77,19
204,fertilizer complete,1600,2.50460068,79,19
205,alamat ng mais,140,0,1,13
206,fertilizer 16 16 16,320,22.22833104,83,30
207,planthopper,880,0,1,37
208,corn husk,3600,4.38305119,2,28
209,palay to rice,210,0,3,14
210,telluride insecticide,480,1.25230034,97,26
211,agricultural equipment technician,480,0,1,13
212,black rice bug,720,0,1,14
213,fish amino acid fertilizer,390,15.02760408,90,13
214,pag aani ng palay,210,0,1,5
215,foliar fertilizer,2900,5.63535153,89,23
216,natural fertilizer for plants,720,4.38305119,30,23
217,plant hopper,880,0,1,35
218,rice bugs,1900,1.87845051,3,36
219,what fertilizer for plants,50,0,64,25
220,alamat ng palay buod,480,0,1,16
221,palay meaning,210,0,1,18
222,complete fertilizer,1600,2.50460068,79,19
223,fertilizer application,590,12.5230034,55,17
224,nitrogen fertilizer,720,1.87845051,52,26
225,grasses weeds,390,1.25230034,15,33
226,palay price per kilo today,390,0,2,31
227,cymbush insecticide,880,3.75690102,95,17
228,fertilizer granules,260,0,78,42
229,broadleaves weeds,880,3.75690102,21,29
230,foliar application fertilizer,390,1.87845051,47,22
231,fertilizer calculation,590,0,1,23
232,rice variety rice,720,0,45,27
233,pagtatanim ng palay,880,0.62615017,1,15
234,corn breed,30,0,1,18
235,agricultural engineer hiring,480,1.565375425,7,16
236,fertilizer plants,3600,17.84527985,71,17
237,insecticide karate,720,3.75690102,92,9
238,46 0 0 fertilizer,590,5.63535153,59,13
239,rice black bug,1000,0,2,16
240,rice varieties philippines,880,5.63535153,61,16